-- -------------------------------------------------------------
-- TablePlus 6.1.7(573)
--
-- https://tableplus.com/
--
-- Database: admin_transmena_db
-- Generation Time: 2024-10-02 23:25:30.4240
-- -------------------------------------------------------------


/*!40101 SET @OLD_CHARACTER_SET_CLIENT=@@CHARACTER_SET_CLIENT */;
/*!40101 SET @OLD_CHARACTER_SET_RESULTS=@@CHARACTER_SET_RESULTS */;
/*!40101 SET @OLD_COLLATION_CONNECTION=@@COLLATION_CONNECTION */;
/*!40101 SET NAMES utf8mb4 */;
/*!40014 SET @OLD_UNIQUE_CHECKS=@@UNIQUE_CHECKS, UNIQUE_CHECKS=0 */;
/*!40014 SET @OLD_FOREIGN_KEY_CHECKS=@@FOREIGN_KEY_CHECKS, FOREIGN_KEY_CHECKS=0 */;
/*!40101 SET @OLD_SQL_MODE=@@SQL_MODE, SQL_MODE='NO_AUTO_VALUE_ON_ZERO' */;
/*!40111 SET @OLD_SQL_NOTES=@@SQL_NOTES, SQL_NOTES=0 */;


DROP TABLE IF EXISTS `containers`;
CREATE TABLE `containers` (
  `id` int NOT NULL AUTO_INCREMENT,
  `tracking_id` int DEFAULT NULL,
  `container_code` text,
  `first_place` text,
  `destination_place` text,
  `size` text,
  `first_harbour_long_name` text,
  `last_harbour_long_name` text,
  PRIMARY KEY (`id`),
  KEY `tracking_id` (`tracking_id`),
  CONSTRAINT `containers_ibfk_1` FOREIGN KEY (`tracking_id`) REFERENCES `tracking` (`id`) ON UPDATE CASCADE
) ENGINE=InnoDB AUTO_INCREMENT=12 DEFAULT CHARSET=utf8mb3;

DROP TABLE IF EXISTS `events`;
CREATE TABLE `events` (
  `id` int NOT NULL AUTO_INCREMENT,
  `tracking_id` int DEFAULT NULL,
  `event_title` text,
  `event_date` text,
  `event_description` text,
  `discharge` int DEFAULT NULL,
  `harbour_name` text,
  `containers_ship` text,
  `ships_tracking_code` text,
  `place` text,
  `container_id` int DEFAULT NULL,
  PRIMARY KEY (`id`),
  KEY `tracking_id` (`tracking_id`),
  CONSTRAINT `events_ibfk_1` FOREIGN KEY (`tracking_id`) REFERENCES `tracking` (`id`) ON DELETE CASCADE ON UPDATE CASCADE
) ENGINE=InnoDB AUTO_INCREMENT=20 DEFAULT CHARSET=utf8mb3;

DROP TABLE IF EXISTS `tracking`;
CREATE TABLE `tracking` (
  `id` int NOT NULL AUTO_INCREMENT,
  `bl_number` varchar(255) DEFAULT NULL,
  `vessel_name` varchar(255) DEFAULT NULL,
  `voyager_number` varchar(255) DEFAULT NULL,
  `container_qty` varchar(255) DEFAULT NULL,
  `container_size` varchar(255) DEFAULT NULL,
  `port_of_loading` varchar(255) DEFAULT NULL,
  `transshipment_port` varchar(255) DEFAULT NULL,
  `transshipment_voyage_number` varchar(255) DEFAULT NULL,
  `transshipment_vessel` varchar(255) DEFAULT NULL,
  `port_of_discharge` varchar(255) DEFAULT NULL,
  `last_update` varchar(255) DEFAULT NULL,
  `pol_etd` varchar(255) DEFAULT NULL,
  `pot_eta` varchar(255) DEFAULT NULL,
  `pot_etd` varchar(255) DEFAULT NULL,
  `pod_eta` varchar(255) DEFAULT NULL,
  `remarks` varchar(255) DEFAULT NULL,
  PRIMARY KEY (`id`)
) ENGINE=InnoDB AUTO_INCREMENT=217 DEFAULT CHARSET=utf8mb4 COLLATE=utf8mb4_0900_ai_ci;

DROP TABLE IF EXISTS `tracking_backup`;
CREATE TABLE `tracking_backup` (
  `id` int NOT NULL AUTO_INCREMENT,
  `bl_number` varchar(255) DEFAULT NULL,
  `vessel_name` varchar(255) DEFAULT NULL,
  `voyager_number` varchar(255) DEFAULT NULL,
  `container_qty` varchar(255) DEFAULT NULL,
  `container_size` varchar(255) DEFAULT NULL,
  `port_of_loading` varchar(255) DEFAULT NULL,
  `etd` varchar(255) DEFAULT NULL,
  `transshipment_port` varchar(255) DEFAULT NULL,
  `transshipment_voyage_number` varchar(255) DEFAULT NULL,
  `transshipment_vessel` varchar(255) DEFAULT NULL,
  `port_of_discharge` varchar(255) DEFAULT NULL,
  `eta` varchar(255) DEFAULT NULL,
  `last_update` varchar(255) DEFAULT NULL,
  `remarks` varchar(255) DEFAULT NULL,
  PRIMARY KEY (`id`)
) ENGINE=InnoDB AUTO_INCREMENT=49 DEFAULT CHARSET=utf8mb3;

INSERT INTO `containers` (`id`, `tracking_id`, `container_code`, `first_place`, `destination_place`, `size`, `first_harbour_long_name`, `last_harbour_long_name`) VALUES
(1, 5, 'ARKU2287441', 'MERSIN\n', 'MISURATA', '20 GP', 'M.I.P MERSIN INTERNATIONAL PORT\n\n', 'MISURATA MOHAMED ELGHDAFI DEPOT\n\n'),
(2, 5, 'ARKU2312544', 'MERSIN', 'MISURATA', '20 GP', 'M.I.P MERSIN INTERNATIONAL PORT\n\n', 'MISURATA MOHAMED ELGHDAFI DEPOT\n\n'),
(7, 5, 'ARKAS755343', 'Iskenderun ', 'Egypt', '40 GP', 'M.I.P MERSIN INTERNATIONAL PORT\n\n', 'MISURATA MOHAMED ELGHDAFI DEPOT\n\n'),
(8, 5, 'ARKAS755343', 'Iskenderun ', 'Egypt', '40 GP', 'M.I.P MERSIN INTERNATIONAL PORT\n\n', 'MISURATA MOHAMED ELGHDAFI DEPOT\n\n'),
(9, 5, 'ARKU2312544', 'MERSIN', 'MISURATA', '20 GP', 'M.I.P MERSIN INTERNATIONAL PORT\n\n', 'MISURATA MOHAMED ELGHDAFI DEPOT\n\n'),
(10, 2, '', '', '', '', '', ''),
(11, 2, 'ARKU2287441', 'MERSIN', 'MISURATA', '20 GP', 'M.I.P MERSIN INTERNATIONAL PORT', 'MISURATA MOHAMED ELGHDAFI DEPOT');

INSERT INTO `events` (`id`, `tracking_id`, `event_title`, `event_date`, `event_description`, `discharge`, `harbour_name`, `containers_ship`, `ships_tracking_code`, `place`, `container_id`) VALUES
(5, 5, 'Gate out Empty to Shipper', '31.01.2023 16:51\n\n', NULL, NULL, 'M.I.P MERSIN INTERNATIONAL PORT\n\n', NULL, NULL, 'MERSIN\n', 1),
(6, 5, 'Gate in Full Export', '01.02.2023 16:27\n\n', NULL, NULL, NULL, NULL, NULL, NULL, 1),
(7, 5, 'Load', '09.02.2023 21:30\n\n', NULL, NULL, NULL, 'VERA A', 'NAS05W23\n', NULL, 1),
(8, 5, 'Discharge', '19.02.2023 08:50\n\n', NULL, 1, 'MISURATA COMMERCIAL PORT\n\n', 'VERA A', 'NAS05E23', 'MISURATA\n', 1),
(10, 5, 'Gate out Full to Consignee', '02.03.2023 08:59\n\n', NULL, NULL, NULL, NULL, NULL, NULL, 1),
(11, 5, 'Gate in Empty\n', '02.03.2023 15:59\n', NULL, NULL, 'MISURATA MOHAMED ELGHDAFI DEPOT\n\n', NULL, NULL, 'MISURATA DEPOT\n', 1),
(12, 5, 'Gate out Empty to Shipper', '31.01.2023 16:51\n\n', NULL, NULL, 'M.I.P MERSIN INTERNATIONAL PORT\n\n', NULL, NULL, 'MERSIN\n', 2),
(13, 5, 'Gate in Full Export', '01.02.2023 16:27\n\n', NULL, NULL, NULL, NULL, NULL, NULL, 2),
(14, 5, 'Load', '09.02.2023 21:30\n\n', NULL, NULL, NULL, 'VERA A', 'NAS05W23\n', NULL, 2),
(15, 5, 'Discharge', '19.02.2023 08:50\n\n', NULL, 1, 'MISURATA COMMERCIAL PORT\n\n', 'VERA A', 'NAS05E23', 'MISURATA\n', 2),
(16, 5, 'Gate out Full to Consignee', '02.03.2023 08:59\n\n', NULL, NULL, NULL, NULL, NULL, NULL, 2),
(17, 5, 'Gate in Empty\n', '02.03.2023 15:59\n', NULL, NULL, 'MISURATA MOHAMED ELGHDAFI DEPOT\n\n', NULL, NULL, 'MISURATA DEPOT\n', 2),
(18, 2, NULL, '', '', 0, '', '', '', '', 1),
(19, 2, NULL, '', '', 0, '', '', '', '', 1);

INSERT INTO `tracking` (`id`, `bl_number`, `vessel_name`, `voyager_number`, `container_qty`, `container_size`, `port_of_loading`, `transshipment_port`, `transshipment_voyage_number`, `transshipment_vessel`, `port_of_discharge`, `last_update`, `pol_etd`, `pot_eta`, `pot_etd`, `pod_eta`, `remarks`) VALUES
(42, 'ARKMER0000178035', 'VERA A', 'NAS05W23', '11 Container', '20 Dc', 'MERSIN PORT - TURKEY', '', '', '', 'MISURATA PORT - LIBYA', '2023-02-19', '2023-02-09', '', '', '2023-02-19', 'Discharge to Misurata Port - Libya'),
(43, 'ARKISK0000016514', 'GULBENIZ A', 'TLS06N23', '20 Container', '20 Dc', 'ISKENDERUN PORT - TURKEY', 'EVYAP PORT - TURKEY', ' LTS14S23', 'VERA A', 'MISURATA PORT - LIBYA', '2023-04-30', '2023-04-12', '2023-04-16', '2023-04-30', '2023-05-06', 'Discharge to Misurata Port - Libya'),
(44, 'ARKISK0000016515', 'GULBENIZ A', 'TLS06N23', '20 Container', '20 Dc', 'ISKENDERUN PORT - TURKEY', 'EVYAP PORT - TURKEY', ' LTS14S23', 'VERA A', 'MISURATA PORT - LIBYA', '2023-04-30', '2023-04-12', '2023-04-16', '2023-04-30', '2023-05-06', 'Discharge to Misurata Port - Libya'),
(45, 'ARKISK0000016516', 'GULBENIZ A', 'TLS06N23', '15 Container', '20 Dc', 'ISKENDERUN PORT - TURKEY', 'EVYAP PORT - TURKEY', ' LTS14S23', 'VERA A', 'MISURATA PORT - LIBYA', '2023-04-30', '2023-04-12', '2023-04-16', '2023-04-30', '2023-05-06', 'Discharge to Misurata Port - Libya'),
(46, 'CNT0240660', 'OUED ZIZ', '2RSZAN1MA', '17 Container', '20 Dc', 'SFAX PORT - TUNISIA', 'MALTA FREE PORT - MALTA', '3RS55S1MA', 'CMA CGM ALCAZAR', 'MISURATA PORT - LIBYA', '2023-04-25', '2023-04-14', '2023-04-18', '2023-04-23', '2023-04-25', 'Discharge to Misurata Port - Libya'),
(47, 'CNT0240846', 'OUED ZIZ', '2RSZAN1MA', '16 Container', '20 Dc', 'SFAX PORT - TUNISIA', 'MALTA FREE PORT - MALTA', '3RS55S1MA', 'CMA CGM ALCAZAR', 'MISURATA PORT - LIBYA', '2023-04-25', '2023-04-14', '2023-04-18', '2023-04-23', '2023-04-25', 'Discharge to Misurata Port - Libya'),
(48, 'CNT0240662', 'OUED ZIZ', '2RSZAN1MA', '17 Container', '20 Dc', 'SFAX PORT - TUNISIA', 'MALTA FREE PORT - MALTA', '3RS55S1MA', 'CMA CGM ALCAZAR', 'MISURATA PORT - LIBYA', '2023-04-25', '2023-04-14', '2023-04-18', '2023-04-23', '2023-04-25', 'Discharge to Misurata Port - Libya'),
(57, 'TRISK2300016632', 'GULBENIZ A', 'TLS08N23', '15 Container', '20 Dc', 'ISKENDERUN PORT - TURKEY', 'EVYAP PORT - TURKEY', 'LTS16S23', 'AURETTE A', 'MISURATA PORT - LIBYA', '2023-06-03', '2023-05-03', '2023-05-11', '2023-05-13', '2023-06-03', 'Discharge to Misurata Port - Libya'),
(58, 'TRMER2300181497', 'MATILDE A', 'EXT02N23', '17 Container', '20 Dc', 'MERSIN PORT - TURKEY', 'AMBARLI MARPORT - TURKEY', 'LTS20S23', 'TIMUCIN A', 'MISURATA PORT - LIBYA', '2023-06-20', '2023-05-04', '2023-05-10', '2023-06-16', '2023-06-20', 'Discharge to Misurata Port - Libya'),
(59, 'TRMER2300181760', 'MATILDE A', 'EXT02N23', '15 Container', '20 Dc', 'MERSIN PORT - TURKEY', 'AMBARLI MARPORT - TURKEY', 'LTS20S23', 'TIMUCIN A', 'MISURATA PORT - LIBYA', '2023-06-20', '2023-05-04', '2023-05-10', '2023-06-16', '2023-06-20', 'Discharge to Misurata Port - Libya'),
(60, 'TRISK2300230071', 'ATLANTIC NORTH', '0BO0FW1MA', '15 Container', '20 Dc', 'ISKENDERUN PORT - TURKEY', '', '', '', 'MISURATA PORT - LIBYA', '2023-06-07', '2023-05-17', '', '', '2023-06-07', 'Discharge to Misurata Port - Libya'),
(61, 'TRISK2300230072', 'ATLANTIC NORTH', '0BO0FW1MA', '15 Container', '20 Dc', 'ISKENDERUN PORT - TURKEY', '', '', '', 'MISURATA PORT - LIBYA', '2023-06-07', '2023-05-17', '', '', '2023-06-07', 'Discharge to Misurata Port - Libya'),
(62, 'TRSFX2300241653', 'CFS WIND', 'F5SDIR', '13 Container', '20 Dc', 'SFAX PORT - TUNISIA', 'MALTA FREE PORT - MALTA', '0BO0FW1MA', 'ATLANTIC NORTH', 'MISURATA PORT - LIBYA', '2023-06-07', '2023-05-24', '2023-05-26', '2023-05-29', '2023-06-07', 'Discharge to Misurata Port - Libya'),
(63, 'TRSFX2300241654', 'CFS WIND', 'F5SDIR', '13 Container', '20 Dc', 'SFAX PORT - TUNISIA', 'MALTA FREE PORT - MALTA', '0BO0FW1MA', 'ATLANTIC NORTH', 'MISURATA PORT - LIBYA', '2023-06-07', '2023-05-24', '2023-05-26', '2023-05-29', '2023-06-07', 'Discharge to Misurata Port - Libya'),
(64, 'TRISK2300230078', 'MAYFIELD', '0BO0HW1MA', '15 Container', '20 Dc', 'ISKENDERUN PORT - TURKEY', '', '', '', 'MISURATA PORT - LIBYA', '2023-06-03', '2023-05-29', '', '', '2023-06-03', 'Discharge to Misurata Port - Libya'),
(65, 'TRISK2300230079', 'MAYFIELD', '0BO0HW1MA', '15 Container', '20 Dc', 'ISKENDERUN PORT - TURKEY', '', '', '', 'MISURATA PORT - LIBYA', '2023-06-03', '2023-05-30', '', '', '2023-06-03', 'Discharge to Misurata Port - Libya'),
(66, 'TRISK2300017006', 'GULBENIZ A', 'TLS10N23', '10 Container', '20 Dc', 'ISKENDERUN PORT - TURKEY', 'EVYAP PORT - TURKEY', 'LTS20S23', 'TIMUCIN A', 'MISURATA PORT - LIBYA', '2023-06-20', '2023-05-30', '2023-06-02', '2023-06-14', '2023-06-20', 'Discharge to Misurata Port - Libya'),
(67, 'TRISK2300017007', 'GULBENIZ A', 'TLS10N23', '10 Container', '20 Dc', 'ISKENDERUN PORT - TURKEY', 'EVYAP PORT - TURKEY', 'LTS20S23', 'TIMUCIN A', 'MISURATA PORT - LIBYA', '2023-06-20', '2023-05-31', '2023-06-02', '2023-06-14', '2023-06-20', 'Discharge to Misurata Port - Libya'),
(68, 'TRISK2300017221', 'TURKON EGYPT', 'TLS11N23', '10 Container', '20 Dc', 'ISKENDERUN PORT - TURKEY', 'EVYAP PORT - TURKEY', 'LTS23S23', 'AURETTE A', 'MISURATA PORT - LIBYA', '2023-07-29', '2023-06-18', '2023-06-21', '2023-07-20', '2023-07-29', 'Discharge to Misurata Port - Libya'),
(69, 'TRISK2300017175', 'TURKON EGYPT', 'TLS11N23', '8 Container', '20 Dc', 'ISKENDERUN PORT - TURKEY', 'EVYAP PORT - TURKEY', 'LTS23S23', 'AURETTE A', 'MISURATA PORT - LIBYA', '2023-07-29', '2023-06-18', '2023-06-21', '2023-07-20', '2023-07-29', 'Discharge to Misurata Port - Libya'),
(70, 'TRISK2300017151', 'TURKON EGYPT', 'TLS11N23', '8 Container', '20 Dc', 'ISKENDERUN PORT - TURKEY', 'EVYAP PORT - TURKEY', 'LTS23S23', 'AURETTE A', 'MISURATA PORT - LIBYA', '2023-07-29', '2023-06-18', '2023-06-21', '2023-07-20', '2023-07-29', 'Discharge to Misurata Port - Libya'),
(71, 'TRISK2300017152', 'TURKON EGYPT', 'TLS11N23', '8 Container', '20 Dc', 'ISKENDERUN PORT - TURKEY', 'EVYAP PORT - TURKEY', 'LTS23S23', 'AURETTE A', 'MISURATA PORT - LIBYA', '2023-07-29', '2023-06-18', '2023-06-21', '2023-07-20', '2023-07-29', 'Discharge to Misurata Port - Libya'),
(72, 'TRISK2300017272', 'GULBENIZ A', 'TLS12N23', '8 Container', '20 Dc', 'ISKENDERUN PORT - TURKEY', 'EVYAP PORT - TURKEY', 'LTS24S23', 'TIMUCIN A', 'MISURATA PORT - LIBYA', '2023-08-18', '2023-06-27', '2023-07-08', '2023-08-13', '2023-08-18', 'Discharge to Misurata Port - Libya'),
(73, 'TRISK2300017344', 'GULBENIZ A', 'TLS12N23', '2 Container', '20 Dc', 'ISKENDERUN PORT - TURKEY', 'EVYAP PORT - TURKEY', 'LTS25S23', 'DIONYSSIS A', 'MISURATA PORT - LIBYA', '2023-08-14', '2023-06-27', '2023-07-08', '2023-08-10', '2023-08-14', 'Discharge to Misurata Port - Libya'),
(74, 'TRISK2300017343', 'GULBENIZ A', 'TLS12N23', '2 Container', '20 Dc', 'ISKENDERUN PORT - TURKEY', 'EVYAP PORT - TURKEY', 'LTS25S23', 'DIONYSSIS A', 'MISURATA PORT - LIBYA', '2023-08-14', '2023-06-27', '2023-07-08', '2023-08-10', '2023-08-14', 'Discharge to Misurata Port - Libya'),
(75, 'TRISK2300017271', 'GULBENIZ A', 'TLS12N23', '15 Container', '20 Dc', 'ISKENDERUN PORT - TURKEY', 'EVYAP PORT - TURKEY', 'LTS24S23', 'TIMUCIN A', 'MISURATA PORT - LIBYA', '2023-08-18', '2023-06-27', '2023-07-08', '2023-08-13', '2023-08-18', 'Discharge to Misurata Port - Libya'),
(76, 'TRISK2300017273', 'GULBENIZ A', 'TLS12N23', '8 Container', '20 Dc', 'ISKENDERUN PORT - TURKEY', 'EVYAP PORT - TURKEY', 'LTS25S23', 'DIONYSSIS A', 'MISURATA PORT - LIBYA', '2023-08-14', '2023-06-27', '2023-07-08', '2023-08-10', '2023-08-14', 'Discharge to Misurata Port - Libya'),
(77, 'TRISK2300017313', 'GULBENIZ A', 'TLS12N23', '10 Container', '20 Dc', 'ISKENDERUN PORT - TURKEY', 'EVYAP PORT - TURKEY', 'LTS24S23', 'TIMUCIN A', 'MISURATA PORT - LIBYA', '2023-08-18', '2023-06-27', '2023-07-08', '2023-08-13', '2023-08-18', 'Discharge to Misurata Port - Libya'),
(78, 'TRISK2300017275', 'GULBENIZ A', 'TLS12N23', '8 Container', '20 Dc', 'ISKENDERUN PORT - TURKEY', 'EVYAP PORT - TURKEY', 'LTS25S23', 'DIONYSSIS A', 'MISURATA PORT - LIBYA', '2023-08-14', '2023-06-27', '2023-07-08', '2023-08-10', '2023-08-14', 'Discharge to Misurata Port - Libya'),
(79, 'TRIST2300392014', 'DIONYSSIS A', 'LTS21S23', '6 Container', '40 Dc', 'EVYAP PORT - TURKEY', '', '', '', 'MISURATA PORT - LIBYA', '2023-07-08', '2023-07-04', '', '', '2023-07-08', 'Discharge to Misurata Port - Libya'),
(80, 'TRISK2300230097', 'MORAGA', '0BO0RW1MA', '3 Container', '20FF & 40OT', 'ISKENDERUN PORT - TURKEY', 'MALTA FREE PORT - MALTA', '3RS9KS1MA', 'CMA CGM PARANAGUA', 'MISURATA PORT - LIBYA', '2023-07-27', '2023-07-08', '2023-07-15', '2023-07-25', '2023-07-27', 'Discharge to Misurata Port - Libya'),
(81, 'TRDMT2300004551', 'CAPE FULMAR', 'MES23014', '7 Container', '20 Dc', 'DAMIETTA PORT - EGYPT', '', '', '', 'MISURATA PORT - LIBYA', '2023-07-31', '2023-07-28', '', '', '2023-07-31', 'Discharge to Misurata Port - Libya'),
(82, 'TRALY2300190159', 'ALEXANDRA A', 'NAS28E23', '8 Container', '20 Dc', 'ALEXANDRIA PORT - EGYPT', '', '', '', 'MISURATA PORT - LIBYA', '2023-08-28', '2023-08-07', '', '', '2023-08-28', 'Discharge to Misurata Port - Libya'),
(83, 'TRISK2300017686', 'TURKON EGYPT', 'TLS15N23', '8 Container', '20 Dc', 'ISKENDERUN PORT - TURKEY', 'AMBARLI PORT - TURKEY', 'LTS27S23', 'LUCIEN G A', 'MISURATA PORT - LIBYA', '2023-08-29', '2023-08-13', '2023-08-19', '2023-08-24', '2023-08-29', 'Discharge to Misurata Port - Libya'),
(84, 'TRISK2300017687', 'TURKON EGYPT', 'TLS15N23', '8 Container', '20 Dc', 'ISKENDERUN PORT - TURKEY', 'AMBARLI PORT - TURKEY', 'LTS27S23', 'LUCIEN G A', 'MISURATA PORT - LIBYA', '2023-08-29', '2023-08-13', '2023-08-19', '2023-08-24', '2023-08-29', 'Discharge to Misurata Port - Libya'),
(85, 'TRISK2300017689', 'TURKON EGYPT', 'TLS15N23', '6 Container', '20 Dc', 'ISKENDERUN PORT - TURKEY', 'AMBARLI PORT - TURKEY', 'LTS27S23', 'LUCIEN G A', 'MISURATA PORT - LIBYA', '2023-08-29', '2023-08-13', '2023-08-19', '2023-08-24', '2023-08-29', 'Discharge to Misurata Port - Libya'),
(86, 'TRISK2300017690', 'TURKON EGYPT', 'TLS15N23', '6 Container', '20 Dc', 'ISKENDERUN PORT - TURKEY', 'AMBARLI MARPORT - TURKEY', 'LTS27S23', 'LUCIEN G A', 'MISURATA PORT - LIBYA', '2023-08-29', '2023-08-13', '2023-08-19', '2023-08-24', '2023-08-29', 'Discharge to Misurata Port - Libya'),
(87, 'TRISK2300017743', 'TURKON EGYPT', 'TLS15N23', '7 Container', '20 Dc', 'ISKENDERUN PORT - TURKEY', 'AMBARLI PORT - TURKEY', 'LTS27S23', 'LUCIEN G A', 'MISURATA PORT - LIBYA', '2023-08-29', '2023-08-13', '2023-08-19', '2023-08-24', '2023-08-29', 'Discharge to Misurata Port - Libya'),
(88, 'TRALY2300192008', 'GULBENIZ A', 'TLS16N23', '8', '20 Dc', 'ALEXANDRIA PORT - EGYPT', 'AMBARLI PORT - TURKEY', 'LTS29S23', 'MEHMET KAHVECI A', 'MISURATA PORT - LIBYA', '2023-09-16', '2023-08-25', '2023-09-08', '2023-09-13', '2023-09-16', 'Discharge to Misurata Port - Libya'),
(89, 'TRALY2300192400', 'GULBENIZ A', 'TLS16N23', '8 Container', '20 Dc', 'ALEXANDRIA PORT - EGYPT', 'AMBARLI PORT - TURKEY', 'LTS29S23', 'MEHMET KAHVECI A', 'MISURATA PORT - LIBYA', '2023-09-16', '2023-08-25', '2023-09-08', '2023-09-13', '2023-09-16', 'Discharge to Misurata Port - Libya'),
(90, 'TRALY2300001227', 'MEDKON RIZE', 'TES21N23', '8 Container', '20 Dc', 'ALEXANDRIA PORT - EGYPT', '', '', '', 'MISURATA PORT - LIBYA', '2023-09-16', '2023-08-26', '', '', '2023-09-16', 'Discharge to Misurata Port - Libya'),
(91, 'TRALY2300001228', 'MEDKON RIZE', 'TES21N23', '8 Container', '20 Dc', 'ALEXANDRIA PORT - EGYPT', '', '', '', 'MISURATA PORT - LIBYA', '2023-09-16', '2023-08-26', '', '', '2023-09-16', 'Discharge to Misurata Port - Libya'),
(92, 'TRISK2300017927', 'GULBENIZ A', 'TLS16N23', '8 Container', '20 Dc', 'ISKENDERUN PORT - TURKEY', 'AMBARLI PORT - TURKEY', 'LTS29S23', 'MEHMET KAHVECI A', 'MISURATA PORT - LIBYA', '2023-09-16', '2023-09-04', '2023-09-08', '2023-09-13', '2023-09-16', 'Discharge to Misurata Port - Libya'),
(93, 'TRISK2300017997', 'GULBENIZ A', 'TLS16N23', '6 Container', '20 Dc', 'ISKENDERUN PORT - TURKEY', 'AMBARLI PORT - TURKEY', 'LTS29S23', 'MEHMET KAHVECI A', 'MISURATA PORT - LIBYA', '2023-09-16', '2023-09-04', '2023-09-08', '2023-09-13', '2023-09-16', 'Discharge to Misurata Port - Libya'),
(94, 'TRISK2300017998', 'GULBENIZ A', 'TLS16N23', '6 Container', '20 Dc', 'ISKENDERUN PORT - TURKEY', 'AMBARLI PORT - TURKEY', 'LTS29S23', 'MEHMET KAHVECI A', 'MISURATA PORT - LIBYA', '2023-09-16', '2023-09-04', '2023-09-08', '2023-09-13', '2023-09-16', 'Discharge to Misurata Port - Libya'),
(95, 'TRISK2300018172', 'TURKON EGYPT', 'TLS17N23', '6 Container', '20 Dc', 'ISKENDERUN PORT - TURKEY', '', '', '', 'MISURATA PORT - LIBYA', '2023-10-29', '2023-09-11', '', '', '2023-10-29', 'Departure from Iskenderun Port - Turkey'),
(96, 'TRSFX2300573654', 'SC PHILLY', '334W', '7 Container', '20 Dc', 'SFAX PORT - TUNISIA', '', '', '', 'MISURATA PORT - LIBYA', '2023-10-09', '2023-09-11', '', '', '2023-10-09', 'Discharge to Misurata Port - Libya'),
(97, 'TRSFX2300574039', 'SC PHILLY', '334W', '7 Container', '20 Dc', 'SFAX PORT - TUNISIA', '', '', '', 'MISURATA PORT - LIBYA', '2023-10-09', '2023-09-11', '', '', '2023-10-09', 'Discharge to Misurata Port - Libya'),
(98, 'TRSFX2300573779', 'SC PHILLY', '334W', '7 Container', '20 Dc', 'SFAX PORT - TUNISIA', '', '', '', 'MISURATA PORT - LIBYA', '2023-10-09', '2023-09-11', '', '', '2023-10-09', 'Discharge to Misurata Port - Libya'),
(99, 'TRALY2300193727', 'ALEXANDRA A', 'NAS33E23', '8 Container', '20 Dc', 'ALEXANDRIA PORT - EGYPT', '', '', '', 'MISURATA PORT - LIBYA', '2023-09-23', '2023-09-18', '', '', '2023-09-23', 'Discharge to Misurata Port - Libya'),
(100, 'TRALY2300192401', 'ALEXANDRA A', 'NAS33E23', '8 Container', '20 Dc', 'ALEXANDRIA PORT - EGYPT', '', '', '', 'MISURATA PORT - LIBYA', '2023-09-23', '2023-09-18', '', '', '2023-09-23', 'Discharge to Misurata Port - Libya'),
(101, 'TRALY2300192402A', 'ALEXANDRA A', 'NAS33E23', '2 Container', '20 Dc', 'ALEXANDRIA PORT - EGYPT', '', '', '', 'MISURATA PORT - LIBYA', '2023-09-23', '2023-09-22', '', '', '2023-09-23', 'Discharge to Misurata Port - Libya'),
(102, 'TRALY2300192402B', 'ALEXANDRA A', 'No Data Specified', '2 Container', '20 Dc', 'ALEXANDRIA PORT - EGYPT', '', '', '', 'MISURATA PORT - LIBYA', '2023-09-23', '2023-09-22', '', '', '2023-09-23', 'Discharge to Misurata Port - Libya'),
(103, 'TRALY2300192402C', 'ALEXANDRA A', 'NAS33E23', '2 Container', '20 Dc', 'ALEXANDRIA PORT - EGYPT', '', '', '', 'MISURATA PORT - LIBYA', '2023-09-23', '2023-09-22', '', '', '2023-09-23', 'Discharge to Misurata Port - Libya'),
(104, 'TRALY2300192402D', 'ALEXANDRA A', 'NAS33E23', '2 Container', '20 Dc', 'ALEXANDRIA PORT - EGYPT', '', '', '', 'MISURATA PORT - LIBYA', '2023-09-23', '2023-09-22', '', '', '2023-09-23', 'Discharge to Misurata Port - Libya'),
(105, 'TRISK2300018237', 'GULBENIZ A', 'TLS18N23', '8 Container', '20 Dc', 'ISKENDERUN PORT - TURKEY', '', '', '', 'MISURATA PORT - LIBYA', '2023-10-08', '2023-09-25', '', '', '2023-10-08', 'Discharge to Misurata Port - Libya'),
(106, 'TRISK2300018309', 'GULBENIZ A', 'TLS18N23', '7 Container', '20 Dc', 'ISKENDERUN PORT - TURKEY', '', '', '', 'MISURATA PORT - LIBYA', '2023-10-08', '2023-09-25', '', '', '2023-10-08', 'Discharge to Misurata Port - Libya'),
(107, 'TRALY2300193979', 'INGA A', 'NAS35E23', '8 Container', '20 Dc', 'ALEXANDRIA PORT - EGYPT', '', '', '', 'MISURATA PORT - LIBYA', '2023-10-05', '2023-10-01', '', '', '2023-10-05', 'Discharge to Misurata Port - Libya'),
(108, 'TRALY2300193968', 'INGA A', 'NAS35E23', '8 Container', '20 Dc', 'ALEXANDRIA PORT - EGYPT', '', '', '', 'MISURATA PORT - LIBYA', '2023-10-05', '2023-10-01', '', '', '2023-10-05', 'Discharge to Misurata Port - Libya'),
(109, 'TRISK2300018526A', 'TURKON EGYPT', 'TLS19N23', '2 Container', '20 Dc', 'ISKENDERUN PORT - TURKEY', '', '', '', 'MISURATA PORT - LIBYA', '2023-10-29', '2023-10-03', '', '', '2023-10-29', 'Discharge to Misurata Port - Libya'),
(110, 'TRISK2300018526B', 'TURKON EGYPT', 'TLS19N23', '2 Container', '20 Dc', 'ISKENDERUN PORT - TURKEY', '', '', '', 'MISURATA PORT - LIBYA', '2023-10-29', '2023-10-03', '', '', '2023-10-29', 'Discharge to Misurata Port - Libya'),
(111, 'TRISK2300018526C', 'TURKON EGYPT', 'TLS19N23', '2 Container', '20 Dc', 'ISKENDERUN PORT - TURKEY', '', '', '', 'MISURATA PORT - LIBYA', '2023-10-29', '2023-10-03', '', '', '2023-10-29', 'Discharge to Misurata Port - Libya'),
(112, 'TRISK2300018422A', 'TURKON EGYPT', 'TLS19N23', '1 Container', '20 Dc', 'ISKENDERUN PORT - TURKEY', '', '', '', 'MISURATA PORT - LIBYA', '2023-10-29', '2023-10-03', '', '', '2023-10-29', 'Discharge to Misurata Port - Libya'),
(113, 'TRISK2300018422B', 'TURKON EGYPT', 'TLS19N23', '1 Container', '20 Dc', 'ISKENDERUN PORT - TURKEY', '', '', '', 'MISURATA PORT - LIBYA', '2023-10-29', '2023-10-03', '', '', '2023-10-29', 'Discharge to Misurata Port - Libya'),
(114, 'TRISK2300018422C', 'TURKON EGYPT', 'TLS19N23', '1 Container', '20 Dc', 'ISKENDERUN PORT - TURKEY', '', '', '', 'MISURATA PORT - LIBYA', '2023-10-29', '2023-10-03', '', '', '2023-10-29', 'Discharge to Misurata Port - Libya'),
(115, 'TRISK2300018422D', 'TURKON EGYPT', 'TLS19N23', '1 Container', '20 Dc', 'ISKENDERUN PORT - TURKEY', '', '', '', 'MISURATA PORT - LIBYA', '2023-10-29', '2023-10-03', '', '', '2023-10-29', 'Discharge to Misurata Port - Libya'),
(116, 'TRSFX2301626456', 'SC PHILLY', '341W', '7 Container', '20 Dc', 'SFAX PORT - TUNISIA', '', '', '', 'MISURATA PORT - LIBYA', '2023-11-06', '2023-10-09', '', '', '2023-11-06', 'Discharge to Misurata Port - Libya'),
(117, 'TRSFX2301626371', 'SC PHILLY', '341W', '7 Container', '20 Dc', 'SFAX PORT - TUNISIA', '', '', '', 'MISURATA PORT - LIBYA', '2023-11-06', '2023-10-09', '', '', '2023-11-06', 'Discharge to Misurata Port - Libya'),
(118, 'TRALY2300193976', 'GULBENIZ A', 'TLS20N23', '8 Container', '20 Dc', 'ALEXANDRIA PORT - EGYPT', '', '', '', 'MISURATA PORT - LIBYA', '2023-11-13', '2023-10-12', '', '', '2023-11-13', 'Discharge to Misurata Port - Libya'),
(119, 'TRALY2300193980', 'GULBENIZ A', 'TLS20N23', '8 Container', '20 Dc', 'ALEXANDRIA PORT - EGYPT', '', '', '', 'MISURATA PORT - LIBYA', '2023-11-13', '2023-10-12', '', '', '2023-11-13', 'Discharge to Misurata Port - Libya'),
(120, 'TRALY2300194916', 'GULBENIZ A', 'TLS20N23', '8 Container', '20 Dc', 'ALEXANDRIA PORT - EGYPT', '', '', '', 'MISURATA PORT - LIBYA', '2023-11-13', '2023-10-12', '', '', '2023-11-13', 'Discharge to Misurata Port - Libya'),
(121, 'TRISK2300018570', 'GULBENIZ A', 'TLS20N23', '5 Container', '20 Dc', 'ISKENDERUN PORT - TURKEY', '', '', '', 'MISURATA PORT - LIBYA', '2023-11-13', '2023-10-18', '', '', '2023-11-13', 'Discharge to Misurata Port - Libya'),
(122, 'TRISK2300018568', 'GULBENIZ A', 'TLS20N23', '6 Container', '20 Dc', 'ISKENDERUN PORT - TURKEY', '', '', '', 'MISURATA PORT - LIBYA', '2023-11-13', '2023-10-18', '', '', '2023-11-13', 'Discharge to Misurata Port - Libya'),
(123, 'TRALY2300195635', 'INGA A', 'NAS41E23', '8 Container', '20 Dc', 'ALEXANDRIA PORT - EGYPT', '', '', '', 'MISURATA PORT - LIBYA', '2023-10-28', '2023-10-28', '', '', '', 'Departure from Alexandria Port - Egypt'),
(124, 'TRALY2300195636', 'INGA A', 'NAS41E23', '8 Container', '20 Dc', 'ALEXANDRIA PORT - EGYPT', '', '', '', 'MISURATA PORT - LIBYA', '2023-10-28', '2023-10-28', '', '', '', 'Departure from Alexandria Port - Egypt'),
(125, 'TRISK2300018859', 'GULBENIZ A', 'TLS22N23', '8 Container', '20 Dc', 'ISKENDERUN PORT - TURKEY', '', '', '', 'MISURATA PORT - LIBYA', '2023-11-08', '2023-11-08', '', '', '', 'Departure from Iskenderun Port - Turkey'),
(126, 'TRISK2300018975', 'GULBENIZ A', 'TLS22N23', '7 Container', '20 Dc', 'ISKENDERUN PORT - TURKEY', '', '', '', 'MISURATA PORT - LIBYA', '2023-11-08', '2023-11-08', '', '', '', 'Departure from Iskenderun Port - Turkey'),
(127, 'TRALY2300195637', 'TURKON EGYPT', 'TLS23N23', '8 Container', '20 Dc', 'ALEXANDRIA PORT - EGYPT', '', '', '', 'MISURATA PORT - LIBYA', '2023-11-10', '2023-11-10', '', '', '', 'Departure from Alexandria Port - Egypt'),
(128, 'TRISK2300019026', 'TURKON EGYPT', 'TLS23N23', '7 Container', '20 Dc', 'ISKENDERUN PORT - TURKEY', '', '', '', 'MISURATA PORT - LIBYA', '2023-11-15', '2023-11-15', '', '', '', 'Departure from Iskenderun Port - Turkey'),
(129, 'TRISK2300019028', 'TURKON EGYPT', 'TLS23N23', '6 Container', '20 Dc', 'ISKENDERUN PORT - TURKEY', '', '', '', 'MISURATA PORT - LIBYA', '2023-11-15', '2023-11-15', '', '', '', 'Departure from Iskenderun Port - Turkey'),
(130, 'TRALY2300199822', 'SING', 'TEL2314', '8 Container', '20 Dc', 'ALEXANDRIA PORT - EGYPT', '', '', '', 'MISURATA PORT - LIBYA', '2024-01-20', '2024-01-03', '', '', '2024-01-20', 'Discharge to Misurata Port - Libya'),
(131, 'TRYIL2300000440', 'MEDKON GEMLIK', 'TNE27S23', '8 Container', '7 x 20 Ft & 1 x 40 Ft', 'YILPORT - TURKEY', '', '', '', 'MISURATA PORT - LIBYA', '2023-12-15', '2023-12-09', '', '', '2023-12-15', 'Discharge to Misurata Port - Libya'),
(132, 'TRISK24000000076', 'GULBENIZ A', 'TLS04N24', '6 Container', '20 Dc', 'Iskenderun Port - Turkey', '', '', '', 'Misurata Port - Libya', '2024-02-17', '2024-02-17', '', '', '', 'Departure from Iskenderun Port - Turkey'),
(133, 'TRISK24000000078', 'GULBENIZ A', 'TLS04N24', '6 Container', '20 Dc', 'Iskenderun Port - Turkey', '', '', '', 'Misurata Port - Libya', '2024-02-17', '2024-02-17', '', '', '', 'Departure from Iskenderun Port - Turkey'),
(134, 'TRISK24000000080', 'GULBENIZ A', 'TLS04N24', '6 Container', '20 Dc', 'Iskenderun Port - Turkey', '', '', '', 'Misurata Port - Libya', '2024-02-17', '2024-02-17', '', '', '', 'Departure from Iskenderun Port - Turkey'),
(135, 'TRISK2300019523', 'TURKON EGYPT', 'TLS27N23', '8 Container', '20 Dc', 'Iskenderun Port - Turkey', '', '', '', 'Misurata Port - Libya', '2024-01-20', '2024-01-01', '', '', '2024-01-20', 'Discharge to Misurata Port - Libya'),
(136, 'TRISK24000000801', 'GULBENIZ A', 'TLS08N24', '6 Container', '20 Dc', 'Iskenderun Port - Turkey', '', '', '', 'Misurata Port - Libya', '2024-05-02', '2024-04-07', '', '', '2024-05-02', 'Discharge to Misurata Port - Libya'),
(137, 'TRISK24000000860', 'GULBENIZ A', 'TLS08N24', '7 Container', '20 Dc', 'Iskenderun Port - Turkey', '', '', '', 'Misurata Port - Libya', '2024-04-07', '2024-04-07', '', '', '', 'Departure from Iskenderun Port - Turkey'),
(138, 'TRIST24000002402', 'VASSILIS A', 'LTS14S24', '6 Container', '40 Dc', 'Evyap Port - Turkey', '', '', '', 'Misurata Port - Libya', '2024-04-18', '2024-04-10', '', '', '2024-04-18', 'Discharge to Misurata Port - Libya'),
(139, 'TRISK24000000884', 'GULBENIZ A', 'TLS09N24', '6 Container', '20 Dc', 'Iskenderun Port - Turkey', '', '', '', 'Misurata Port - Libya', '2024-06-04', '2024-04-19', '', '', '2024-06-04', 'Discharge to Misurata Port - Libya'),
(140, 'TRISK24000000926', 'GULBENIZ A', 'TLS09N24', '6 Container', '20 Dc', 'Iskenderun Port - Turkey', 'Ambarl覺 Port - Turkey', 'LTS19S24', 'VASSILIS A', 'Misurata Port - Libya', '2024-06-05', '2024-04-19', '2024-04-26', '2024-05-24', '2024-06-05', 'Discharge to Misurata Port - Libya'),
(141, 'TRISK24000001053', 'GULBENIZ A', 'TLS10N24', '5 Container', '20 Dc', 'Iskenderun Port - Turkey', '', '', '', 'Misurata Port - Libya', '2024-06-04', '2024-04-29', '', '', '2024-06-04', 'Discharge to Misurata Port - Libya'),
(142, 'TRALI24000006099', 'MV KOSOVAK', 'KSK0524S', '10 Container', '40 Dc', 'Aliaga Socar Port - Turkey', '', '', '', 'Misurata Port - Libya', '2024-05-07', '2024-04-30', '', '', '2024-05-07', 'Discharge to Misurata Port - Libya'),
(143, 'TRALY2300199987', 'SIDRA HALIMA', 'TEL2315', '8 Container', '20 Dc', 'Alexandria Port - Egypt', '', '', '', 'Misurata Port - Libya', '2024-01-20', '2024-01-15', '', '', '2024-01-20', 'Discharge to Misurata Port - Libya'),
(144, 'TRISK24000001052', 'TURKON EGYPT', 'TLS11N24', '6 Container', '20 Dc', 'Iskenderun Port - Turkey', '', '', '', 'Misurata Port - Libya', '2024-05-29', '2024-05-12', '', '', '2024-05-29', 'Discharge to Misurata Port - Libya'),
(145, 'TRISK24000001086', 'TURKON EGYPT', 'TLS11N24', '6 Container', '20 Dc', 'Iskenderun Port - Turkey', '', '', '', 'Misurata Port - Libya', '2024-05-29', '2024-05-12', '', '', '2024-05-29', 'Discharge to Misurata Port - Libya'),
(146, 'TRISK24000001092', 'TURKON EGYPT', 'TLS11N24', '6 Container', '20 Dc', 'Iskenderun Port - Turkey', '', '', '', 'Misurata Port - Libya', '2024-05-29', '2024-05-12', '', '', '2024-05-29', 'Discharge to Misurata Port - Libya'),
(147, 'TRISK24000001123', 'TURKON EGYPT', 'TLS11N24', '6 Container', '20 Dc', 'Iskenderun Port - Turkey', '', '', '', 'Misurata Port - Libya', '2024-05-29', '2024-05-12', '', '', '2024-05-29', 'Discharge to Misurata Port - Libya'),
(148, 'TRISK24000001147', 'TURKON EGYPT', 'TLS11N24', '6 Container', '20 Dc', 'Iskenderun Port - Turkey', '', '', '', 'Misurata Port - Libya', '2024-05-29', '2024-05-12', '', '', '2024-05-29', 'Discharge to Misurata Port - Libya'),
(149, 'TRISK24000001155', 'TURKON EGYPT', 'TLS11N24', '7 Container', '20 Dc', 'Iskenderun Port - Turkey', '', '', '', 'Misurata Port - Libya', '2024-05-29', '2024-05-12', '', '', '2024-05-29', 'Discharge to Misurata Port - Libya'),
(150, 'TRALY24000005453', 'TURKON EGYPT', 'TLS11N24', '6 Container', '20 Dc', 'Alexandria Port - Egypt', '', '', '', 'Misurata Port - Libya', '2024-06-04', '2024-05-08', '', '', '2024-06-04', 'Discharge to Misurata Port - Libya'),
(151, 'TRALY24000006839', 'GULBENIZ A', 'TLS12N24', '6 Container', '20 Dc', 'Alexandria Port - Egypt', '', '', '', 'Misurata Port - Libya', '2024-05-15', '2024-05-15', '', '', '', 'Departure from Alexandria Port - Egypt'),
(152, 'TRALY24000006838', 'GULBENIZ A', 'TLS12N24', '6 Container', '20 Dc', 'Alexandria Port - Egypt', '', '', '', 'Misurata Port - Libya', '2024-05-15', '2024-05-15', '', '', '', 'Departure from Alexandria Port - Egypt'),
(153, 'TRISK24000011821', 'GULBENIZ A', 'TLS08N24', '6 Container', '20 Dc', 'Iskenderun Port - Turkey', '', '', '', 'Misurata Port - Libya', '2024-05-02', '2024-04-07', '2024-04-11', '2024-04-28', '2024-05-02', 'Discharge to Misurata Port - Libya'),
(154, 'TRALY24000006627', 'TURKON EGYPT', 'TLS13N24', '6 Container', '20 Dc', 'Alexandria Port - Egypt', '', '', '', 'Misurata Port - Libya', '2024-05-30', '2024-05-30', '', '', '', 'Departure from Alexandria Port - Egypt'),
(155, 'TRALY24000006628', 'TURKON EGYPT', 'TLS13N24', '6 Container', '20 Dc', 'Alexandria Port - Egypt', '', '', '', 'Misurata Port - Libya', '2024-05-30', '2024-05-30', '', '', '', 'Departure from Alexandria Port - Egypt'),
(156, 'TRALY24000006631', 'TURKON EGYPT', 'TLS13N24', '6 Container', '20 Dc', 'Alexandria Port - Egypt', '', '', '', 'Misurata Port - Libya', '2024-05-30', '2024-05-30', '', '', '', 'Departure from Alexandria Port - Egypt'),
(158, 'TRISK24000001263', 'TURKON EGYPT', 'TLS13N24', '6 Container', '20 Dc', 'Iskenderun Port - Turkey', '', '', '', 'Misurata Port - Libya', '2024-06-05', '2024-06-05', '', '', '0001-01-01', 'Departure from Iskenderun Port - Turkey'),
(160, 'TRISK24000001268', 'TURKON EGYPT', 'TLS13N24', '6 Container', '20 Dc', 'Iskenderun Port - Turkey', '', '', '', 'Misurata Port - Libya', '2024-06-05', '2024-06-05', '', '', '', 'Departure from Iskenderun Port - Turkey'),
(161, 'TRISK24000001326', 'TURKON EGYPT', 'TLS13N24', '6 Container', '20 Dc', 'Iskenderun Port - Turkey', '', '', '', 'Misurata Port - Libya', '2024-06-05', '2024-06-05', '', '', '', 'Departure from Iskenderun Port - Turkey'),
(162, 'TRISK24000001327', 'TURKON EGYPT', 'TLS13N24', '6 Container', '20 Dc', 'Iskenderun Port - Turkey', '', '', '', 'Misurata Port - Libya', '2024-06-05', '2024-06-05', '', '', '', 'Departure from Iskenderun Port - Turkey'),
(163, 'TRISK24000001425', 'GULBENIZ A', 'TLS14N24', '6 Container', '20 Dc', 'Iskenderun Port - Turkey', '', '', '', 'Misurata Port - Libya', '2024-06-15', '2024-06-15', '', '', '', 'Departure from Iskenderun Port - Turkey'),
(164, 'TRISK24000001427', 'GULBENIZ A', 'TLS14N24', '6 Container', '20 Dc', 'Iskenderun Port - Turkey', '', '', '', 'Misurata Port - Libya', '2024-06-15', '2024-06-15', '', '', '', 'Departure from Iskenderun Port - Turkey'),
(165, 'TRISK24000001430', 'GULBENIZ A', 'TLS14N24', '6 Container', '20 Dc', 'Iskenderun Port - Turkey', '', '', '', 'Misurata Port - Libya', '2024-06-15', '2024-06-15', '', '', '', 'Departure from Iskenderun Port - Turkey'),
(166, 'TRISK24000001441', 'GULBENIZ A', 'TLS14N24', '6 Container', '20 Dc', 'Iskenderun Port - Turkey', '', '', '', 'Misurata Port - Libya', '2024-06-15', '2024-06-15', '', '', '', 'Departure from Iskenderun Port - Turkey'),
(167, 'TRISK24000001432', 'GULBENIZ A', 'TLS14N24', '6 Container', '20 Dc', 'Iskenderun Port - Turkey', '', '', '', 'Misurata Port - Libya', '2024-06-15', '2024-06-15', '', '', '', 'Departure from Iskenderun Port - Turkey'),
(168, 'TRISK24000002406', 'TURKON EGYPT', 'TLS13N24', '6 Container', '20 Dc', 'Iskenderun Port - Turkey', 'Marport Port - Turkey', 'LTS24S24', 'OYKU A', 'Misurata Port - Libya', '2024-06-22', '2024-06-05', '2024-06-13', '2024-06-18', '2024-06-22', 'Discharge to Misurata Port - Libya'),
(169, 'TRISK24000001556', 'TURKON EGYPT', 'TLS15N24', '6 Container', '20 Dc', 'Iskenderun Port - Turkey', '', '', '', 'Misurata Port - Libya', '2024-07-02', '2024-07-02', '', '', '', 'Departure from Iskenderun Port - Turkey'),
(170, 'TRISK24000001554', 'TURKON EGYPT', 'TLS15N24', '6 Container', '20 Dc', 'Iskenderun Port - Turkey', '', '', '', 'Misurata Port - Libya', '2024-07-02', '2024-07-02', '', '', '', 'Departure from Iskenderun Port - Turkey'),
(171, 'TRISK24000001551', 'TURKON EGYPT', 'TLS15N24', '6 Container', '20 Dc', 'Iskenderun Port - Turkey', 'Evyap Port - Turkey', 'LTS30S24', 'TIMUCIN A', 'Misurata Port - Libya', '2024-07-14', '2024-07-02', '2024-07-04', '2024-07-10', '2024-07-14', 'Discharge to Misurata Port - Libya'),
(172, 'TRISK24000001557', 'TURKON EGYPT', 'TLS15N24', '6 Container', '20 Dc', 'Iskenderun Port - Turkey', '', '', '', 'Misurata Port - Libya', '2024-07-02', '2024-07-02', '', '', '', 'Discharge to Misurata Port - Libya'),
(173, 'TRALY24000008689', 'TURKON EGYPT', 'TLS15N24', '6 Container', '20 Dc', 'Alexandria Port - Egypt', '', '', '', 'Misurata Port - Libya', '2024-06-25', '2024-06-25', '', '', '', 'Departure from Alexandria Port - Egypt'),
(174, 'TRALY24000008783', 'TURKON EGYPT', 'TLS15N24', '6 Container', '20 Dc', 'Alexandria Port - Egypt', '', '', '', 'Misurata Port - Libya', '2024-06-25', '2024-06-25', '', '', '', 'Departure from Alexandria Port - Egypt'),
(175, 'TRALY24000008784', 'TURKON EGYPT', 'TLS15N24', '6 Container', '20 Dc ', 'Alexandria Port - Egypt', '', '', '', 'Misurata Port - Libya', '2024-06-25', '2024-06-25', '', '', '', 'Departure from Alexandria Port - Egypt'),
(176, 'TRISK24005201051', 'TURKON EGYPT', 'TLS11N24', '6 Container', '20 Dc', 'Iskenderun Port - Turkey', 'Evyap Port - Turkey', 'LTS20S24', 'LUCIEN G A', 'Misurata Port - Libya', '2024-05-29', '2024-05-12', '2024-05-16', '2024-05-25', '2024-05-29', 'Discharge to Misurata Port - Libya'),
(177, 'TRISK24001493300', 'KARLA A', '0UL6OS1MA', '2 Container', '20 Dc', 'Ambarl覺 Port - Turkey', '', '', '', 'Misurata Port - Libya', '2024-05-09', '2024-05-05', '', '', '2024-05-08', 'Container to Consignee'),
(178, 'TRISK24000001618', 'GULBENIZ A', 'TLS16N24', '6 Container', '20 Dc', 'Iskenderun Port - Turkey', '', '', '', 'Misurata Port - Libya', '2024-07-06', '2024-07-06', '', '', '', 'Departure from Iskenderun Port - Turkey'),
(179, 'TRSFX24000005835', 'MEDKON NLS', '4RSYYN1MA', '6 Container', '20 Dc', 'Sfax Port - Tunisia', '', '', '', 'Misurata Port - Libya', '2024-07-09', '2024-07-09', '', '', '', 'Departure from Sfax Port - Tunisia'),
(180, 'TRALY24000010368', 'TURKON EGYPT', 'TLS17N24', '6 Container', '20 Dc', 'Alexandria Port - Egypt', '', '', '', 'Misurata Port - Libya', '2024-07-18', '2024-07-18', '', '', '', 'Departure from Alexandria Port - Egypt'),
(181, 'TRALY24000010372', 'TURKON EGYPT', 'TLS17N24', '6 Container', '20 Dc', 'Alexandria Port - Egypt', '', '', '', 'Misurata Port - Libya', '2024-07-18', '2024-07-18', '', '', '', 'Departure from Alexandria Port - Egypt'),
(182, 'TRSFX24000005906', 'MEDKON NLS', '4RSZ0N1MA', '6 Container', '20 Dc', 'Sfax Port - Tunisia', '', '', '', 'Misurata Port - Libya', '2024-07-19', '2024-07-19', '', '', '', 'Departure from Sfax Port - Tunisia'),
(183, 'TRISK24000001661', 'TURKON EGYPT', 'TLS17N24', '6 Container', '20 Dc', 'Iskenderun Port - Turkey', '', '', '', 'Al Khums Port - Libya', '2024-07-23', '2024-07-23', '', '', '', 'Departure from Iskenderun Port - Turkey'),
(184, 'TRISK24000001682', 'TURKON EGYPT', 'TLS17N24', '6 Container', '20 Dc', 'Iskenderun Port - Turkey', '', '', '', 'Misurata Port - Libya', '2024-07-23', '2024-07-23', '', '', '', 'Departure from Iskenderun Port - Turkey'),
(185, 'TRISK24000001737', 'TURKON EGYPT', 'TLS17N24', '6 Container', '20 Dc', 'Iskenderun Port - Turkey', 'Ambarl覺 Port - Turkey', '', '', 'Misurata Port - Libya', '2024-07-29', '2024-07-23', '2024-07-29', '', '', 'Discharge to Ambarl覺 Port - Turkey (Transshipment)'),
(186, 'TRALY24000011285', 'MEDKON SINOP', 'MMA04N24', '6 Container', '20 Dc', 'Alexandria Port - Egypt', '', '', '', 'Misurata Port - Libya', '2024-07-24', '2024-07-24', '', '', '', 'Departure from Alexandria Port - Egypt'),
(187, 'TRALY24000011286', 'MEDKON SINOP', 'MMA04N24', '6 Container', '20 Dc', 'Alexandria Port - Egypt', '', '', '', 'Misurata Port - Libya', '2024-07-24', '2024-07-24', '', '', '', 'Departure from Alexandria Port - Egypt'),
(188, 'TRALY24000011288', 'MEDKON SINOP', 'MMA04N24', '6 Container', '20 Dc', 'Alexandria Port - Egypt', '', '', '', 'Misurata Port - Libya', '2024-07-24', '2024-07-24', '', '', '', 'Departure from Alexandria Port - Egypt'),
(189, 'TRISK24000001774', 'GULBENIZ A', 'TLS18N24', '6 Container', '20 Dc', 'Iskenderun Port - Turkey', '', '', '', 'Misurata Port - Libya', '2024-07-30', '2024-07-30', '', '', '', 'Departure from Iskenderun Port - Turkey'),
(190, 'TRISK24000001777', 'GULBENIZ A', 'TLS18N24', '6 Container', '20 Dc', 'Iskenderun Port - Turkey', '', '', '', 'Misurata Port - Libya', '2024-07-30', '2024-07-30', '', '', '', 'Departure from Iskenderun Port - Turkey'),
(191, 'TRISK24000001778', 'GULBENIZ A', 'TLS18N24', '6 Container', '20 Dc', 'Iskenderun Port - Turkey', '', '', '', 'Misurata Port - Libya', '2024-07-30', '2024-07-30', '', '', '', 'Departure from Iskenderun Port - Turkey'),
(192, 'TRISK24000001779', 'GULBENIZ A', 'TLS18N24', '6 Container', '20 Dc', 'Iskenderun Port - Turkey', '', '', '', 'Misurata Port - Libya', '2024-07-30', '2024-07-30', '', '', '', 'Departure from Iskenderun Port - Turkey'),
(193, 'TRISK24000001780', 'GULBENIZ A', 'TLS18N24', '6 Container', '20 Dc', 'Iskenderun Port - Turkey', 'Evyap Port - Turkey', '', '', 'Misurata Port - Libya', '2024-08-05', '2024-07-30', '2024-08-05', '', '', 'Discharge to Evyap Port - Turkey (Transshipment)'),
(194, 'TRISK24000001805', 'GULBENIZ A', 'TLS18N24', '6 Container', '20 Dc', 'Iskenderun Port - Turkey', '', '', '', 'Misurata Port - Libya', '2024-07-30', '2024-07-30', '', '', '', 'Departure from Iskenderun Port - Turkey'),
(195, 'TRISK24000001806', 'GULBENIZ A', 'TLS18N24', '6 Container', '20 Dc', 'Iskenderun Port - Turkey', '', '', '', 'Misurata Port - Libya', '2024-07-30', '2024-07-30', '', '', '', 'Departure from Iskenderun Port - Turkey'),
(196, 'TRALY24000011297', 'MEDKON SINOP', 'MMA05N24', '6 Container', '20 Dc', 'Alexandria Port - Egypt', '', '', '', 'Misurata Port - Libya', '2024-08-20', '2024-08-13', '', '', '2024-08-20', 'Discharge to Misurata Port - Libya'),
(197, 'TRALY24000011299', 'MEDKON SINOP', 'MMA05N24', '6 Container', '20 Dc', 'Alexandria Port - Egypt', '', '', '', 'Misurata Port - Libya', '2024-08-20', '2024-08-13', '', '', '2024-08-20', 'Discharge to Misurata Port - Libya'),
(198, 'TRALY24000011295', 'MEDKON SINOP', 'MMA05N24', '6 Container', '20 Dc', 'Alexandria Port - Egypt', '', '', '', 'Misurata Port - Libya', '2024-08-20', '2024-08-13', '', '', '2024-08-20', 'Discharge to Misurata Port - Libya'),
(199, 'TRISK24000001874', 'TURKON EGYPT', 'TLS19N24', '6 Container', '20 Dc', 'Iskenderun Port - Turkey', '', '', '', 'Misurata Port - Libya', '2024-08-18', '2024-08-18', '', '', '', 'Departure from Iskenderun Port - Turkey'),
(200, 'TRISK24000001876', 'TURKON EGYPT', 'TLS19N24', '6 Container', '20 Dc', 'Iskenderun Port - Turkey', '', '', '', 'Misurata Port - Libya', '2024-08-18', '2024-08-18', '', '', '', 'Departure from Iskenderun Port - Turkey'),
(201, 'TRISK24000001886', 'TURKON EGYPT', 'TLS19N24', '6 Container', '20 Dc', 'Iskenderun Port - Turkey', '', '', '', 'Misurata Port - Libya', '2024-08-18', '2024-08-18', '', '', '', 'Departure from Iskenderun Port - Turkey'),
(202, 'TRISK24000001893', 'TURKON EGYPT', 'TLS19N24', '6 Container', '20 Dc', 'Iskenderun Port - Turkey', '', '', '', 'Misurata Port - Libya', '2024-08-18', '2024-08-18', '', '', '', 'Departure from Iskenderun Port - Turkey'),
(203, 'TRISK24000001896', 'TURKON EGYPT', 'TLS19N24', '6 Container', '20 Dc', 'Iskenderun Port - Turkey', '', '', '', 'Misurata Port - Libya', '2024-08-18', '2024-08-18', '', '', '', 'Departure from Iskenderun Port - Turkey'),
(204, 'TRISK24000002005', 'GULBENIZ A', 'TLS20N24', '8 Container', '20 Dc', 'Iskenderun Port - Turkey', '', '', '', 'Misurata Port - Libya', '2024-08-24', '2024-08-24', '', '', '', 'Departure from Iskenderun Port - Turkey'),
(205, 'TRISK24000002009', 'GULBENIZ A', 'TLS20N24', '7 Container', '20 Dc', 'Iskenderun Port - Turkey', '', '', '', 'Misurata Port - Libya', '2024-08-24', '2024-08-24', '', '', '', 'Departure from Iskenderun Port - Turkey'),
(206, 'TRALY24000011296', 'MEDKON SAMSUN', 'MMA06N24', '6 Container', '20 Dc', 'Alexandria Port - Egypt', '', '', '', 'Misurata Port - Libya', '2024-09-08', '2024-08-30', '', '', '2024-09-08', 'Discharge to Misurata Port - Libya'),
(207, 'TRALY24000011301', 'MEDKON SAMSUN', 'MMA06N24', '6 Container', '20 Dc', 'Alexandria Port - Egypt', '', '', '', 'Misurata Port - Libya', '2024-09-08', '2024-08-30', '', '', '2024-09-08', 'Discharge to Misurata Port - Libya'),
(208, 'TRALY24000011298', 'MEDKON SAMSUN', 'MMA06N24', '6 Container', '20 Dc', 'Alexandria Port - Egypt', '', '', '', 'Misurata Port - Libya', '2024-09-08', '2024-08-30', '', '', '2024-09-08', 'Discharge to Misurata Port - Libya'),
(209, 'TRALY24000011302', 'MEDKON SAMSUN', 'MMA06N24', '6 Container', '20 Dc', 'Alexandria Port - Egypt', '', '', '', 'Misurata Port - Libya', '2024-09-08', '2024-08-30', '', '', '2024-09-08', 'Discharge to Misurata Port - Libya'),
(210, 'TRALY24000013418', 'TURKON EGYPT', 'TLS21N24', '6 Container', '20 Dc', 'Alexandria Port - Egypt', '', '', '', 'Misurata Port - Libya', '2024-09-08', '2024-09-08', '', '', '', 'Departure from Alexandria Port - Egypt'),
(211, 'TRALY24000013417', 'TURKON EGYPT', 'TLS21N24', '7 Container', '20 Dc', 'Alexandria Port - Egypt', '', '', '', 'Misurata Port - Libya', '2024-09-08', '2024-09-08', '', '', '', 'Departure from Alexandria Port - Egypt'),
(212, 'TRALY24000013668', 'GULBENIZ A', 'TLS22N24', '6 Container', '20 Dc', 'Alexandria Port - Egypt', '', '', '', 'Misurata Port - Libya', '2024-09-14', '2024-09-14', '', '', '', 'Departure from Alexandria Port - Egypt'),
(213, 'TRISK24000002301', 'GULBENIZ A', 'TLS22N24', '7 Container', '20 Dc', 'Iskenderun Port - Turkey', '', '', '', 'Misurata Port - Libya', '2024-09-19', '2024-09-19', '', '', '', 'Departure from Iskenderun Port - Turkey'),
(214, 'TRISK24000002302', 'GULBENIZ A', 'TLS22N24', '8 Container', '20 Dc', 'Iskenderun Port - Turkey', '', '', '', 'Misurata Port - Libya', '2024-09-19', '2024-09-19', '', '', '', 'Departure from Iskenderun Port - Turkey'),
(215, 'TRALY24000013669', 'TURKON EGYPT', 'TLS23N24', '6 Container', '20 Dc', 'Alexandria Port - Egypt', '', '', '', 'Misurata Port - Libya', '2024-09-29', '2024-09-29', '', '', '', 'Departure from Alexandria Port - Egypt'),
(216, 'TRALY24000013667', 'TURKON EGYPT', 'TLS23N24', '6 Container', '20 Dc', 'Alexandria Port - Egypt', '', '', '', 'Misurata Port - Libya', '2024-09-29', '2024-09-29', '', '', '', 'Departure from Alexandria Port - Egypt');

INSERT INTO `tracking_backup` (`id`, `bl_number`, `vessel_name`, `voyager_number`, `container_qty`, `container_size`, `port_of_loading`, `etd`, `transshipment_port`, `transshipment_voyage_number`, `transshipment_vessel`, `port_of_discharge`, `eta`, `last_update`, `remarks`) VALUES
(2, 'AHMETABI', 'TEST', 'TEST', 'TEST', 'TEST', 'TEST', '2023-04-18', 'TEST', 'TEST', 'TEST', 'TEST', '2023-04-12', '2023-04-14', 'TEST'),
(5, NULL, NULL, NULL, NULL, NULL, NULL, NULL, NULL, NULL, NULL, NULL, NULL, NULL, NULL),
(29, 'gdfgdfg', 'dgfdgdfg', NULL, NULL, NULL, NULL, NULL, NULL, NULL, NULL, NULL, NULL, NULL, NULL),
(30, 'dsdsd', 'dgfdg', NULL, NULL, NULL, NULL, NULL, NULL, NULL, NULL, NULL, NULL, NULL, NULL),
(31, 'dsdsd', 'dgfdg', NULL, 'sdfdsfs', NULL, NULL, NULL, NULL, NULL, NULL, NULL, NULL, NULL, NULL),
(32, 'dasda', '', '', NULL, NULL, NULL, NULL, NULL, NULL, NULL, NULL, NULL, NULL, NULL),
(33, 'dasdadfgs', 'dsfgsdg', 'sdfgdsfg', NULL, NULL, NULL, NULL, NULL, NULL, NULL, NULL, NULL, NULL, NULL),
(34, 'dfgsdf', 'dfgdsfg', 'sdfg', 'dsfgsdfg', NULL, NULL, NULL, NULL, NULL, NULL, NULL, NULL, NULL, NULL),
(35, 'dfgsdf', 'dfgdsfg', 'sdfg', 'dsfgsdfg', 'dfgsd', NULL, NULL, NULL, NULL, NULL, NULL, NULL, NULL, NULL),
(36, 'dfgsdf', 'dfgdsfg', 'sdfg', 'dsfgsdfg', 'dfgsd', 'dsfgdsfg', '2023-04-05', NULL, NULL, NULL, NULL, NULL, NULL, NULL),
(37, 'sdfsd', 'sdf', 'sf', 'sdf', 'sfs', 'fgsd', '', '', '', '', '', '', '', ''),
(38, 'sdfsd', 'sdf', 'sf', 'sdf', 'sfs', 'fgsd', '', '', '', '', '', '', '', ''),
(39, 'mut', '', '', '', '', '', '2023-04-14', '', '', '', '', '2023-04-21', '2023-03-30', ''),
(40, 'mut', '', '', '', '', '', '2023-04-14', '', '', '', '', '2023-04-21', '2023-03-30', ''),
(41, '123', '', '', '', '', '', '', '', '', '', '', '', '', ''),
(42, 'ARKMER0000178035', 'VERA A', 'NAS05W23', '11 Container', '20 Dc', 'MERSIN PORT - TURKEY', '2023-02-09', '', '', '', 'MISURATA PORT - LIBYA', '2023-02-19', '2023-02-19', ''),
(43, 'ARKISK0000016514', 'GULBENIZ A', 'TLS06N23', '20 Container', '20 Dc', 'ISKENDERUN PORT - TURKEY', '2023-04-12', 'EVYAP PORT - TURKEY', '', '', 'MISURATA PORT - LIBYA', '', '2023-04-18', ''),
(44, 'ARKISK0000016515', 'GULBENIZ A', 'TLS06N23', '20 Container', '20 Dc', 'ISKENDERUN PORT - TURKEY', '2023-04-12', 'EVYAP PORT - TURKEY', '', '', 'MISURATA PORT - LIBYA', '', '2023-04-18', ''),
(45, 'ARKISK0000016516', 'GULBENIZ A', 'TLS06N23', '15 Container', '20 Dc', 'ISKENDERUN PORT - TURKEY', '2023-04-12', 'EVYAP PORT - TURKEY', '', '', 'MISURATA PORT - LIBYA', '', '2023-04-18', ''),
(46, 'CNT0240660', 'OUED ZIZ', '2RSZAN1MA', '17 Container', '20 Dc', 'SFAX PORT - TUNISIA', '2023-04-14', 'MALTA FREE PORT', '', '', 'MISURATA PORT - LIBYA', '', '2023-04-18', 'Waiting For Transshipment Vessel'),
(47, 'CNT0240846', 'OUED ZIZ', '2RSZAN1MA', '16 Container', '20 Dc', 'SFAX PORT - TUNISIA', '2023-04-14', 'MALTA FREE PORT', '', '', 'MISURATA PORT - LIBYA', '', '2023-04-18', 'Waiting For Transshipment Vessel'),
(48, 'CNT0240662', 'OUED ZIZ', '2RSZAN1MA', '17 Container', '20 Dc', 'SFAX PORT - TUNISIA', '2023-04-14', 'MALTA FREE PORT', '', '', 'MISURATA PORT - LIBYA', '', '2023-04-18', 'Waiting For Transshipment Vessel');



/*!40101 SET SQL_MODE=@OLD_SQL_MODE */;
/*!40014 SET FOREIGN_KEY_CHECKS=@OLD_FOREIGN_KEY_CHECKS */;
/*!40014 SET UNIQUE_CHECKS=@OLD_UNIQUE_CHECKS */;
/*!40101 SET CHARACTER_SET_CLIENT=@OLD_CHARACTER_SET_CLIENT */;
/*!40101 SET CHARACTER_SET_RESULTS=@OLD_CHARACTER_SET_RESULTS */;
/*!40101 SET COLLATION_CONNECTION=@OLD_COLLATION_CONNECTION */;
/*!40111 SET SQL_NOTES=@OLD_SQL_NOTES */;